verified_purchase,review_count,avg_rating,avg_helpful_vote,median_helpful_vote,avg_review_text_length
false,641808,3.7310270361229527,3.32719130955052,0,800.341036571685
true,3982807,4.098450916652502,0.889707183903212,0,228.19060125183069
