query_name,mongo_avg_seconds,mongo_min_seconds,spark_avg_seconds,spark_min_seconds
rating_distribution,0.8247774443298113,0.7673544579956797,3.1963249303322905,2.8082377909959177
targeted_product_lookup,0.009515222001937218,0.000701542005117517,4.838717319670347,4.678379542005132
top_products_with_lookup,2.333121763668411,1.9632534159973147,4.9511245699977735,4.453330541997275
verified_summary,1.9267256533324446,1.7648601670007338,3.1826826943312576,2.9477586669963785
